证券代码,证券名称,国外收入占比,国内收入占比,详细收入情况
603936.SH,博敏电子,19.86%,80.14%,"境内销售:76.91%,境外销售:19.86%"
002664.SZ,信质电机,19.85%,80.15%,"国内销售:77.54%,出口销售:19.85%"
002355.SZ,兴民智通,19.81%,80.19%,"境外:19.81%,境内:71.72%"
002049.SZ,紫光国芯,19.81%,80.19%,"国内:79.92%,国外:19.81%"
300408.SZ,三环集团,19.76%,80.24%,"广东省:27.72%,华东地区:33.29%,国内其他:19.08%,境外:19.76%"
002288.SZ,超华科技,19.56%,80.44%,"香港:16.46%,华东:15.54%,华南:56.72%,华北:0.08%,华中:3.69%,西南:3.54%,东北:0.45%,国外:3.1%"
000727.SZ,华东科技,19.50%,80.50%,"华东地区:33.67%,华南地区:37.25%,华北地区:8.52%,华中地区:1.01%,西南地区:0.04%,西北地区:0%,境外:19.5%"
603885.SH,吉祥航空,19.47%,80.53%,"国内航线:79.61%,国际航线:17.02%,港澳台航线:2.45%"
002080.SZ,中材科技,19.41%,80.59%,"东北区:0.57%,华北区:35.5%,华东区:18.5%,华中区:2.23%,华南区:1.77%,西南区:1.53%,西北区:19.76%,国外:19.41%"
603519.SH,立霸股份,19.35%,80.65%,"内销:80.65%,外销:19.35%"
601002.SH,晋亿实业,19.32%,80.68%,"美洲地区:7.82%,欧洲地区:0.6%,亚洲地区:10.9%,国内:74.24%"
002445.SZ,中南文化,19.27%,80.73%,"内销:80.24%,外销:19.27%"
000859.SZ,国风塑业,19.24%,80.76%,"国内:79.65%,国外:19.24%"
002693.SZ,双成药业,19.23%,80.77%,"华东地区:29.49%,华南地区:17.86%,华中地区:8.53%,华北地区:7.63%,东北地区:5.28%,西北地区:5.55%,西南地区:5.27%,国外:19.23%"
002137.SZ,麦达数字,19.12%,80.88%,"境外:19.12%,境内:78.86%"
002604.SZ,龙力生物,19.11%,80.89%,"华中:5.61%,华南:13.97%,西南:1.09%,华东:41.89%,华北:14.89%,西北:0.57%,东北:2.87%,国外:19.11%"
603989.SH,艾华集团,18.96%,81.04%,"国内:80.38%,国外:18.96%"
002481.SZ,双塔食品,18.93%,81.07%,"国内:81.07%,国外:18.93%"
002428.SZ,云南锗业,18.74%,81.26%,"国外:18.74%,国内:81.21%"
603160.SH,汇顶科技,18.73%,81.27%,"境内:81.18%,境外:18.73%"
002094.SZ,青岛金王,18.71%,81.29%,"境外:18.71%,境内:81.29%"
002652.SZ,扬子新材,18.69%,81.31%,"国内:73.45%,国外:18.69%"
002068.SZ,黑猫股份,18.65%,81.35%,"国内:75.1%,国外:18.65%"
600071.SH,凤凰光学,18.52%,81.48%,"国内:80.62%,国外:18.52%"
600370.SH,三房巷,18.41%,81.59%,"国内:81.59%,国外:18.41%"
002580.SZ,圣阳股份,18.28%,81.72%,"内销:81.03%,出口:18.28%"
300255.SZ,常山药业,17.95%,82.05%,"国内:82.01%,国外:17.95%"
603958.SH,哈森股份,17.94%,82.06%,"东北:9.34%,华北:13.04%,华东:33.21%,华南:4.08%,华中:11.09%,西北:0.64%,西南:10.65%,出口:17.94%"
300501.SZ,海顺新材,17.93%,82.07%,"华北:9.51%,东北:6.37%,华东:22.26%,华中:12.93%,华南:16.03%,西南:13.98%,西北:0.84%,国外:17.93%"
002792.SZ,通宇通讯,17.87%,82.13%,"中国大陆:82.09%,境外地区:17.87%"
002510.SZ,天汽模,17.83%,82.17%,"国内:82.17%,国外:17.83%"
002332.SZ,仙琚制药,17.80%,82.20%,"国内销售:81.61%,国外销售:17.8%"
000880.SZ,潍柴重机,17.66%,82.34%,"国内:77.47%,国外:17.66%"
600068.SH,葛洲坝,17.64%,82.36%,"国内:81.59%,国外:17.64%"
000680.SZ,山推股份,17.56%,82.44%,"国内地区:100.65%,国外地区:17.56%,内部抵销数:-30.49%"
002517.SZ,恺英网络,17.53%,82.47%,"境内:82.47%,境外:17.53%"
300563.SZ,神宇股份,17.53%,82.47%,"内销:78.76%,外销:17.53%"
002361.SZ,神剑股份,17.52%,82.48%,"国内:81.19%,国外:17.52%"
002281.SZ,光迅科技,17.44%,82.56%,"国内:82.3%,国外:17.44%"
601118.SH,海南橡胶,17.41%,82.59%,"境内:74.7%,境外:17.41%"
600761.SH,安徽合力,17.36%,82.64%,"国内:82.08%,国外:17.36%,调整项目:0%"
002307.SZ,北新路桥,17.32%,82.68%,"国内:82.27%,国外:17.32%"
600336.SH,澳柯玛,17.32%,82.68%,"国内:80.32%,出口:17.32%"
603298.SH,杭叉集团,17.22%,82.78%,"内销:77.62%,外销:17.22%"
603203.SH,快克股份,17.22%,82.78%,"国外:17.22%,国内:81.34%"
600734.SH,实达集团,17.18%,82.82%,"中国大陆地区:82%,国外及香港地区:17.18%,其他地区:0.82%"
002196.SZ,方正电机,16.95%,83.05%,"国内:79.76%,国外:16.95%"
002440.SZ,闰土股份,16.93%,83.07%,"国内:81.95%,国外:16.93%"
300111.SZ,向日葵,16.83%,83.17%,"国内:83.17%,国外:16.83%"
603988.SH,中电电机,16.67%,83.33%,"国内:83.33%,国外:16.67%"
600686.SH,金龙汽车,16.66%,83.34%,"境内:80.69%,境外:16.66%"
603016.SH,新宏泰,16.62%,83.38%,"华东地区:53.02%,华北地区:14.23%,东北地区:5.77%,华南地区:4.16%,西北地区:0.64%,西南地区:1.31%,华中地区:2.1%,国外:16.62%"
000825.SZ,太钢不锈,16.56%,83.44%,"国外:16.56%,东北地区:1.18%,华北地区:39.04%,华东地区:32.45%,西北:1.01%,西南地区:1.51%,中南:8.26%"
600200.SH,江苏吴中,16.53%,83.47%,"内销:83.08%,外销:16.53%"
002786.SZ,银宝山新,16.48%,83.52%,"内销销售:83.52%,出口及境外:16.48%"
300230.SZ,永利股份,16.48%,83.52%,"国内:78.16%,国外:16.48%"
002490.SZ,山东墨龙,16.44%,83.56%,"国内地区:81.79%,国外地区:16.44%"
002351.SZ,漫步者,16.44%,83.56%,"内销:83.56%,出口销售:16.44%"
000890.SZ,法尔胜,16.42%,83.58%,"境内销售:81.34%,境外销售:16.42%"
600893.SH,中航动力,16.39%,83.61%,"境内:79.79%,境外:16.39%"
002123.SZ,梦网荣信,16.26%,83.74%,"国内:83.74%,国外:16.26%"
002020.SZ,京新药业,16.22%,83.78%,"华东地区:31.93%,华北地区:28.85%,华南、华中地区:14.66%,国外:16.22%,其他地区:7.07%"
603222.SH,济民制药,16.19%,83.81%,"国内:83.68%,国外:16.19%"
002131.SZ,利欧股份,16.11%,83.89%,"国内:83.27%,国外:16.11%"
300160.SZ,秀强股份,16.08%,83.92%,"内销:77.59%,出口:16.08%"
600066.SH,宇通客车,16.05%,83.95%,"国内销售:77.44%,海外销售(含港澳台):16.05%"
000636.SZ,风华高科,16.05%,83.95%,"境内:83.95%,境外:16.05%"
002472.SZ,双环传动,16.02%,83.98%,"内销:82.18%,外销:16.02%,其他:1.81%"
603077.SH,和邦生物,16.01%,83.99%,"国外:16.01%,西南地区(除四川):25.26%,四川省:31.09%,国内其他地区:27.42%"
603806.SH,福斯特,16.00%,84.00%,"国内:83.24%,国外:16%,其他:0.76%"
600810.SH,神马股份,15.97%,84.03%,"国内:37.63%,国外:15.97%"
002753.SZ,永东股份,15.94%,84.06%,"国内:84.06%,国外:15.94%"
600487.SH,亨通光电,15.94%,84.06%,"内销收入:82.02%,外销收入:15.94%"
600367.SH,红星发展,15.87%,84.13%,"境内:82.31%,境外:15.87%,其他业务:1.82%"
002659.SZ,中泰桥梁,15.83%,84.17%,"国内:84.17%,国外:15.83%"
002194.SZ,武汉凡谷,15.80%,84.20%,"国内:82.65%,国外:15.8%"
002140.SZ,东华科技,15.74%,84.26%,"西南地区:17.75%,西北地区:44.28%,华东地区:19.59%,国外:15.74%"
300207.SZ,欣旺达,15.70%,84.30%,"出口:15.7%,华北地区:15.48%,华东地区:2.2%,华南地区:60.27%,华中地区:5.8%,西南地区:0.39%"
002342.SZ,巨力索具,15.67%,84.33%,"出口:15.67%,内销:84.33%"
600643.SH,爱建集团,15.57%,84.43%,"华东地区:73.45%,香港特别行政区:15.57%"
002225.SZ,濮耐股份,15.56%,84.44%,"国内:81.05%,国外:15.56%"
600481.SH,双良节能,15.56%,84.44%,"国外:15.56%,国内:77.3%"
002254.SZ,泰和新材,15.55%,84.45%,"国内:83.22%,国外:15.55%"
601137.SH,博威合金,15.52%,84.48%,"国内:81.87%,国外:15.52%"
600983.SH,惠而浦,15.52%,84.48%,"国内:82.4%,国外:15.52%"
002748.SZ,世龙实业,15.41%,84.59%,"东北地区:0.22%,华北地区:11.1%,华东地区:65.71%,华南地区:4.55%,华中地区:2.67%,西南地区:0.34%,出口:15.41%"
300499.SZ,高澜股份,15.38%,84.62%,"境内:84.62%,境外:15.38%"
600409.SH,三友化工,15.35%,84.65%,"东北:5.62%,华北:20.8%,华东:42.66%,华南:6.29%,华中:3.35%,西南:2.54%,西北:1.35%,国外:15.35%"
300460.SZ,惠伦晶体,15.33%,84.67%,"境内:86.71%,境外:15.33%,分部间抵销:-2.04%"
002757.SZ,南兴装备,15.32%,84.68%,"国外地区:15.32%,华东地区:38.3%,华南地区:19.06%"
002011.SZ,盾安环境,15.19%,84.81%,"华东地区:42.4%,华北地区:15.75%,华南地区:13.15%,华中地区:9.73%,西南地区:3.14%,东北地区:0.63%,出口:15.19%"
600980.SH,北矿科技,15.16%,84.84%,"国内:84.7%,国外:15.16%"
002676.SZ,顺威股份,15.11%,84.89%,"国内:82.21%,国外(含港澳台):15.11%"
002735.SZ,王子新材,15.08%,84.92%,"境内:84.92%,境外:15.08%"
600141.SH,兴发集团,15.04%,84.96%,"国内:81.89%,国外:15.04%"
000813.SZ,德展健康,15.00%,85.00%,"国外销售:15%,国内销售:82.66%"
000852.SZ,石化机械,14.98%,85.02%,"国内:85.02%,国外:14.98%"
600356.SH,恒丰纸业,14.87%,85.13%,"北部地区:24.22%,南部地区:25.94%,西南地区:34.64%,国外销售:14.87%"
002130.SZ,沃尔核材,14.79%,85.21%,"华南地区:47.64%,华东地区:17.99%,海外地区:14.79%,其他地区:17.78%"
002805.SZ,丰元股份,14.78%,85.22%,"华东地区:47.15%,华北地区:22.58%,中南地区:7.95%,西北地区:5.61%,西南地区:0.53%,东北地区:1.4%,国外:14.78%"
000597.SZ,东北制药,14.76%,85.24%,"国内:84.33%,出口:14.76%"
300329.SZ,海伦钢琴,14.76%,85.24%,"国内:81.7%,国外:14.76%"
600436.SH,片仔癀,14.72%,85.28%,"境内:83.65%,境外:14.72%,其他业务:1.63%"
002290.SZ,禾盛新材,14.64%,85.36%,"国内:84.88%,国外:14.64%"
002335.SZ,科华恒盛,14.57%,85.43%,"国内:83.86%,国外:14.57%"
000615.SZ,京汉股份,14.57%,85.43%,"国外:14.57%,国内:85.43%"
002442.SZ,龙星化工,14.56%,85.44%,"国内:85.3%,国外:14.56%"
601968.SH,宝钢包装,14.52%,85.48%,"境内:85.24%,境外:14.52%"
601398.SH,工商银行,14.50%,85.50%,"总行:10.31%,长江三角洲:16.53%,珠江三角洲:11.44%,环渤海地区:17.48%,中部地区:11.58%,西部地区:13.98%,东北地区:4.18%,境外及其他:14.5%"
600213.SH,亚星客车,14.47%,85.53%,"国内:85.16%,国外:14.47%"
000822.SZ,山东海化,14.45%,85.55%,"山东:48.51%,国外:14.45%"
600812.SH,华北制药,14.40%,85.60%,"国内:84.8%,国外:14.4%"
000571.SZ,新大洲A,14.39%,85.61%,"上海地区:19.78%,内蒙古地区:36.77%,广东地区:1.37%,湖北地区:2.05%,天津地区:11.95%,无锡地区:2.48%,香港地区:14.39%"
000930.SZ,中粮生化,14.34%,85.66%,"国内:83.87%,国外:14.34%"
600889.SH,南京化纤,14.31%,85.69%,"国内:75.01%,国外:14.31%"
000039.SZ,中集集团,14.26%,85.74%,"中国:82.17%,美洲地区:5.29%,欧洲地区:7.66%,亚洲(中国以外地区):1.31%,其他:0.54%"
002163.SZ,中航三鑫,14.25%,85.75%,"国内:85.83%,出口:14.25%,内部抵消:-0.93%"
600837.SH,海通证券,14.25%,85.75%,"上海市:3.96%,浙江省:2.73%,黑龙江省:2.56%,江苏省:1.98%,山东省:1.39%,其他地区分支机构:10.69%,公司总部及境内子公司:63.48%,境外业务:14.25%,抵销:-1.03%"
002423.SZ,*ST中特,14.25%,85.75%,"境内:82.1%,境外:14.25%"
002621.SZ,三垒股份,14.14%,85.86%,"国内:85.89%,出口:14.14%"
603633.SH,徕木股份,13.95%,86.05%,"国内销售:81.34%,国外销售:13.95%"
002315.SZ,焦点科技,13.92%,86.08%,"华东地区:53.75%,华南地区:21.97%,大陆其他地区:9.67%,境外(含港澳台):13.92%,调整项目:0%"
000768.SZ,中航飞机,13.91%,86.09%,"国内:88.65%,国外:13.91%,内部抵消:-3.17%"
600186.SH,莲花健康,13.90%,86.10%,"出口业务:13.9%,国内业务:86.01%"
600211.SH,西藏药业,13.87%,86.13%,"广东地区:63.57%,其他地区:22.22%,境外:13.87%"
603822.SH,嘉澳环保,13.86%,86.14%,"国内:85.87%,国外:13.86%"
300393.SZ,中来股份,13.83%,86.17%,"国内:85.41%,国外:13.83%"
300003.SZ,乐普医疗,13.81%,86.19%,"国内:86.19%,海外:13.81%"
000633.SZ,*ST合金,13.81%,86.19%,"国外:13.81%,国内:85.14%"
002232.SZ,启明信息,13.79%,86.21%,"华北:4.13%,东北:76.61%,华东:2.54%,华南:1.07%,西南:1.86%,境外:13.79%"
002311.SZ,海大集团,13.79%,86.21%,"华南地区:65.36%,华东地区:9.9%,华北地区:14.42%,华中地区:21.5%,境外:13.79%,合并抵消:-24.97%"
600688.SH,上海石化,13.78%,86.22%,"中国华东地区:80.95%,中国其它地区:5.28%,出口:13.78%"
603901.SH,永创智能,13.72%,86.28%,"国内:85.96%,国外:13.72%"
300345.SZ,红宇新材,13.72%,86.28%,"西南地区:34.57%,华中地区:9.42%,华北地区:26.47%,国外:13.72%,调整项目:15.82%"
600153.SH,建发股份,13.71%,86.29%,"境内:85.77%,境外:13.71%"
002223.SZ,鱼跃医疗,13.67%,86.33%,"内销:85.27%,外销:13.67%,平衡项目:-0.11%"
600114.SH,东睦股份,13.66%,86.34%,"国内销售:85.15%,国外销售:13.66%"
600597.SH,光明乳业,13.62%,86.38%,"上海:25.53%,外地:59.69%,海外:13.62%"
000923.SZ,河北宣工,13.62%,86.38%,"国内:85.35%,国外:13.62%"
002689.SZ,远大智能,13.60%,86.40%,"东北地区:9.63%,华北地区:11.17%,华东地区:20%,华南地区:30.88%,西北地区:13.2%,国外:13.6%"
000519.SZ,江南红箭,13.51%,86.49%,"国内:83.79%,国外:13.51%"
002344.SZ,海宁皮城,13.51%,86.49%,"内销:86.25%,外销:13.51%,其他业务:-1.79769313486232E+308%"
600330.SH,天通股份,13.50%,86.50%,"内销:84.52%,外销:13.5%"
600196.SH,复星医药,13.35%,86.65%,"中国大陆:86.65%,国外:13.35%"
002210.SZ,飞马国际,13.34%,86.66%,"华南地区:5.23%,华北地区:18.81%,华东地区:57.48%,华中地区:3.15%,西南地区:1.07%,西北地区:0.92%,国外:13.34%"
002645.SZ,华宏科技,13.22%,86.78%,"国内销售:86.78%,国外销售:13.22%"
603997.SH,继峰股份,13.18%,86.82%,"国内:82.62%,国外:13.18%"
600501.SH,航天晨光,13.09%,86.91%,"境内:85.3%,境外:13.09%"
600498.SH,烽火通信,13.09%,86.91%,"国内:85.06%,国外:13.09%"
300068.SZ,南都电源,13.05%,86.95%,"国内:86.34%,国外:13.05%"
600249.SH,两面针,12.95%,87.05%,"国内:85.81%,国外:12.95%"
600456.SH,宝钛股份,12.95%,87.05%,"国内:84.31%,国外:12.95%,其他业务:2.74%"
002597.SZ,金禾实业,12.90%,87.10%,"内销:86.34%,外销:12.9%"
000009.SZ,中国宝安,12.89%,87.11%,"中国境内销售:87.01%,中国境外销售:12.89%"
600966.SH,博汇纸业,12.89%,87.11%,"境内:86.47%,境外:12.89%"
300123.SZ,太阳鸟,12.83%,87.17%,"华南地区:48.35%,华东地区:8.69%,华中地区:12.44%,东北地区:6.96%,西北地区:7.64%,国外销售:12.83%"
002619.SZ,巨龙管业,12.82%,87.18%,"境内收入:86.98%,境外收入:12.82%"
000157.SZ,中联重科,12.81%,87.19%,"境内:87.19%,境外:12.81%"
000998.SZ,隆平高科,12.75%,87.25%,"华中地区:42.49%,华东地区:22.27%,国外:12.75%,西南地区:3.24%,西北地区:10.33%,华北地区:3.49%,东北地区:4.45%"
600379.SH,宝光股份,12.74%,87.26%,"华东:26.62%,华北:3.21%,中南:23.06%,西北:21.9%,西南:0.26%,东北:0.1%,国外:12.74%"
600171.SH,上海贝岭,12.72%,87.28%,"国内:77.28%,国外:12.72%"
000498.SZ,山东路桥,12.70%,87.30%,"海外地区:12.7%,华北地区:1.7%,华东地区:59.47%,西北地区:2.33%,西南地区:15.98%,中南地区:3.79%"
600135.SH,乐凯胶片,12.47%,87.53%,"国内地区:86.82%,出口外销:12.47%"
601113.SH,华鼎股份,12.46%,87.54%,"境内:86.99%,境外:12.46%"
002211.SZ,宏达新材,12.45%,87.55%,"境内:87.53%,直接出口:8.92%,国外:3.53%"
000713.SZ,丰乐种业,12.44%,87.56%,"国内:87.56%,国外:12.44%"
002087.SZ,新野纺织,12.40%,87.60%,"国内:87.6%,国外:12.4%"
002641.SZ,永高股份,12.37%,87.63%,"华东:66.83%,华北:2.51%,东北:0.73%,西北:0.91%,华中地区:4.4%,西南:3.74%,华南:7.77%,外销:12.37%"
002556.SZ,辉隆股份,12.25%,87.75%,"国内:87.46%,外销:12.25%"
002623.SZ,亚玛顿,12.21%,87.79%,"国内:81.38%,国外:12.21%"
300169.SZ,天晟新材,12.19%,87.81%,"内销:87.21%,外销:12.19%"
000733.SZ,振华科技,12.16%,87.84%,"国内:86.47%,国外:12.16%"
002425.SZ,凯撒文化,12.13%,87.87%,"境内:84.69%,境外:12.13%"
600405.SH,动力源,12.10%,87.90%,"境内:87.76%,境外:12.1%"
601369.SH,陕鼓动力,12.06%,87.94%,"国内地区:87.32%,国外地区:12.06%"
002791.SZ,坚朗五金,12.03%,87.97%,"国内:87.97%,海外区:12.03%"
600206.SH,有研新材,12.02%,87.98%,"境外:12.02%,境内:44.46%"
002088.SZ,鲁阳节能,11.98%,88.02%,"国内:87.36%,国外:11.98%"
002449.SZ,国星光电,11.98%,88.02%,"国内:87.79%,国外:11.98%"
600019.SH,宝钢股份,11.95%,88.05%,"境内:88.27%,境外:11.95%"
600815.SH,厦工股份,11.94%,88.06%,"国内:86.88%,国外:11.94%"
300303.SZ,聚飞光电,11.93%,88.07%,"华东:11.16%,华南:73.2%,境外:11.93%"
002043.SZ,兔宝宝,11.91%,88.09%,"国内:80.59%,国外:11.91%"
002555.SZ,三七互娱,11.81%,88.19%,"国内:88.19%,海外:11.81%"
600151.SH,航天机电,11.75%,88.25%,"东北地区:4.21%,华北地区:12.96%,华东地区:102.01%,西北地区:34.06%,西南地区:8.66%,其他:2.55%,抵消:-79.3%,境外:11.75%"
000422.SZ,湖北宜化,11.74%,88.26%,"国内销售:88.26%,国外销售:11.74%"
300274.SZ,阳光电源,11.73%,88.27%,"中国大陆(不包括中国港澳台):88.18%,国外(含港澳台):11.73%"
600143.SH,金发科技,11.72%,88.28%,"国内:87.86%,国外:11.72%"
000837.SZ,秦川机床,11.70%,88.30%,"华北地区:9.12%,东北地区:3.6%,华东地区:26.19%,华南地区:8.2%,西北地区:26.71%,华中地区:6.32%,西南地区:5.05%,国外地区:11.7%"
600875.SH,东方电气,11.70%,88.30%,"国内:87.23%,国外:11.7%"
603026.SH,石大胜华,11.69%,88.31%,"国外:11.69%,国内:83.22%"
002073.SZ,软控股份,11.62%,88.38%,"国内:88.38%,国外:11.62%"
002530.SZ,丰东股份,11.57%,88.43%,"华东:56.1%,华南:11.34%,华北:6.47%,华中:4.76%,东北:2.14%,西北:0.05%,西南:7.56%,海外:11.57%"
600188.SH,兖州煤业,11.52%,88.48%,"国内:39.54%,国外:11.52%"
000878.SZ,云南铜业,11.45%,88.55%,"北京市:9.78%,上海市:35.14%,深圳市:10.33%,香港地区:11.45%,成都市:5.28%,省内:27.34%"
000012.SZ,南玻A,11.37%,88.63%,"中国大陆:87.47%,中国香港:1.1%,欧洲:0.81%,亚洲(不含中国大陆和香港):7.49%,北美:1.51%,澳洲:0.46%,其他地区:0.11%"
600782.SH,新钢股份,11.35%,88.65%,"东北地区:3.32%,华东地区:54.59%,中南地区:9.93%,西南地区:10.47%,出口:11.35%"
600522.SH,中天科技,11.26%,88.74%,"境内:87.92%,境外:11.26%"
000988.SZ,华工科技,11.25%,88.75%,"国内:86.66%,国外:11.25%"
002078.SZ,太阳纸业,11.23%,88.77%,"境内销售:88.15%,境外销售:11.23%"
600030.SH,中信证券,11.22%,88.78%,"境内:88.78%,境外:11.22%"
002709.SZ,天赐材料,11.21%,88.79%,"境内:87.47%,境外:11.21%"
002111.SZ,威海广泰,11.19%,88.81%,"机场:23.21%,航空公司:15.61%,军队:6.43%,出口:11.19%,消防部队:26.4%,建筑承包商:13.85%,其他:2.33%"
601177.SH,杭齿前进,11.16%,88.84%,"国内销售:124.93%,国外销售:11.16%,内部抵消:-37.39%"
300177.SZ,中海达,11.14%,88.86%,"南方区域:26.82%,北方区域:61.95%,国外:11.14%"
002349.SZ,精华制药,11.07%,88.93%,"国内:86.06%,国外:11.07%"
002699.SZ,美盛文化,11.01%,88.99%,"国内:88.51%,国外:11.01%"
002283.SZ,天润曲轴,10.98%,89.02%,"国内销售:87.85%,国外销售:10.98%"
002571.SZ,德力股份,10.94%,89.06%,"华东:36.59%,华南:23.86%,华北:28.44%,国际:10.94%,其他业务:0.17%"
002132.SZ,恒星科技,10.90%,89.10%,"华东:45.35%,华中:20.63%,华南:3.64%,华北:3.89%,西南:7.98%,西北:5.66%,东北:1.75%,出口:10.9%"
002014.SZ,永新股份,10.89%,89.11%,"国内:86.69%,国外:10.89%"
002569.SZ,步森股份,10.88%,89.12%,"内销:89.12%,外销:10.88%"
603218.SH,日月股份,10.87%,89.13%,"内销:88.07%,外销:10.87%"
002301.SZ,齐心集团,10.87%,89.13%,"国内:76.63%,欧美:10.38%,亚洲(不含中国):10.87%"
002545.SZ,东方铁塔,10.85%,89.15%,"国内:88.67%,国外:10.85%"
600166.SH,福田汽车,10.76%,89.24%,"国内:89.24%,海外:10.76%"
002585.SZ,双星新材,10.74%,89.26%,"国内:88.56%,国外:10.74%"
002362.SZ,汉王科技,10.71%,89.29%,"东北:1.96%,华北:41.74%,华东:13.29%,华南:10.71%,华中:4.9%,西北:1.95%,西南:1.35%,海外:10.71%"
603028.SH,赛福天,10.69%,89.31%,"华东区:50.1%,华北区:13.26%,东北区:3.12%,华南区:16.03%,华中区:1.91%,西北区:0.61%,西南区:4.11%,境外:10.69%"
600260.SH,凯乐科技,10.68%,89.32%,"华中:8.05%,华北:25.86%,华南:8.68%,西北:1.68%,东北:0.43%,华东:39.22%,西南:5%,海外:10.68%"
002565.SZ,顺灏股份,10.67%,89.33%,"东北地区:0.25%,华北地区:3.45%,华东地区:26%,华南地区:22.91%,华中地区:3.18%,西北地区:0.58%,西南地区:26.84%,海外地区:10.67%"
000939.SZ,凯迪生态,10.67%,89.33%,"国内:89.33%,国外:10.67%"
002182.SZ,云海金属,10.65%,89.35%,"国内销售:84.07%,国外销售:10.65%"
600070.SH,浙江富润,10.65%,89.35%,"内销:87.8%,外销:10.65%"
603588.SH,高能环境,10.57%,89.43%,"东北地区:11.96%,海外地区:10.57%,华北地区:15.98%,华东地区:13.15%,华南地区:4.36%,华中地区:7%,西北地区:30.42%,西南地区:6.55%"
002152.SZ,广电运通,10.57%,89.43%,"国内:89.43%,国外:10.57%"
002751.SZ,易尚展示,10.57%,89.43%,"华南:68.02%,华东:19.91%,国外:10.57%,华北:0.62%,西南:0.41%,华中:0.38%,西北:0.1%"
600527.SH,江南高纤,10.55%,89.45%,"国内市场:89.4%,国外市场:10.55%"
002414.SZ,高德红外,10.40%,89.60%,"国内:85.86%,国外:10.4%,其他:3.73%"
002837.SZ,英维克,10.38%,89.62%,"华东:12.37%,华南:54.14%,华中:5.24%,华北:12.56%,东北:2.51%,西南:1.26%,西北:1.54%,境外:10.38%"
603002.SH,宏昌电子,10.35%,89.65%,"国内:89.48%,国外:10.35%"
002493.SZ,荣盛石化,10.19%,89.81%,"国内地区:78.61%,国外地区:10.19%"
600854.SH,春兰股份,10.19%,89.81%,"国内:58.57%,其他:31.24%,国外:10.19%"
002590.SZ,万安科技,10.17%,89.83%,"内销:89.83%,外销:10.17%"
002028.SZ,思源电气,10.11%,89.89%,"华东地区:31.84%,华北地区:18.02%,华南地区:5.51%,东北地区:5.05%,华中地区:10.16%,西北地区:11.36%,西南地区:7.96%,海外地区:10.11%"
002121.SZ,科陆电子,10.07%,89.93%,"国内:87.15%,国外:10.07%"
002559.SZ,亚威股份,10.05%,89.95%,"国内:85.53%,国外:10.05%"
